Brand Name,(1) Person to connect with - First Name,(1) Person to connect with - Last Name,Official Email,Phone Number,(2) Person to connect with - First Name,(2) Person to connect with - Last Name,Official Email,Phone Number,Brand Vision,Brand Mission,Brand Core Values,Brand Visual/Verbal DNA Guidelines,Brand Website,Brand Presence ,Digital Footprint KPIs >> Website Traffic >> Current KPIs,Digital Footprint KPIs >> Instagram Reach >> Current KPIs,Digital Footprint KPIs >> Google SEPR Rank >> Current KPIs,Digital Footprint KPIs >> Review Rating >> Current KPIs,Digital Footprint KPIs >> Number of Social media posts per Week >> Current KPIs,Digital Footprint KPIs >> Number of Videos Per week >> Current KPIs,Digital Footprint KPIs >> Number of Shorts Posted per Week >> Current KPIs,Strengths,Weaknesses,Opportunities,Threats,Instagram,Facebook,Twitter/X,LinkedIn,TikTok,YouTube,Pinterest,Snapchat,Telegram,Medium,Quora,Reddit,Tumblr,Threads,Blue Sky,WhatsApp Business,Website Blogs,Brand's Top 10 Partners,Brand's Top 10 Competitors,Anything worth to mention,Submission IP,Last Update Date,Submission ID
Quantumtask ai,Abhay,Pal Chauhan,abhaypalchauhan@gmail.com,(974) 543-3072,,,,,to get the best market,to wor,Intelligent thinking and hard work,https://www.jotform.com/uploads/ChauhanAbhay/252121444918050/6298514300618366282/quantumtaskai Website.pdf,quantumtask.ai,no presence,,,,,,,,AI,Client list,AI Market boom,Reliability on AI,,,,,,,,,,,,,,,,,,netcop,boomi,No,34.56.41.160,,6298514300618366282
LUXURY CONCIERGE REAL ESTATE,KASHIF,SANDHU,kashif@lcredubai.com,(054) 336-6056,Richa,Nigam,richa@lcredubai.com,(058) 511-8549,"At LCRE, our vision is to be recognized globally as Dubai’s most trusted and reliable real estate agency.

Since 2007, we have built our reputation on keeping our word, delivering results, and putting clients first. We aim to set the standard for professionalism in Dubai real estate, where every client knows they can count on us for clarity, transparency, and dependable service.","By working with Dubai’s leading developers, LCRE provides clients with clear investment guidance backed by expert knowledge and market insight.Our mission is to help clients build long-term value, contribute to a sustainable property market, and uphold transparency and integrity in every transaction.","1. Integrity - We do what we say and act with honesty in every transaction.
	2.Transparency - Clear communication and full clarity with our clients and partners.
            3.  Expertise - We use our knowledge and market insight to guide smart investments.
           4. Value Creation -  We aim to build long-term returns and sustainable growth.
	5.	Professionalism -  High standards in every deal, every client, every time.","https://www.jotform.com/uploads/ChauhanAbhay/252121444918050/6314986433129990408/LCRE LOGO (1).jpeg
https://www.jotform.com/uploads/ChauhanAbhay/252121444918050/6314986433129990408/company profile - LCRE.pdf",https://lcredubai.com/,"1. Instagram - https://www.instagram.com/luxuryconciergere?igsh=MTZoNXJ4d2RoemZ5ag%3D%3D&utm_source=qr

2. Linkdin-https://www.linkedin.com/company/luxury-concierge-real-estate-llc/

3. TikTok - https://www.tiktok.com/@lcredubai?_t=ZS-8z28Z57p4Gg&_r=1

4. YouTube -www.youtube.com/@luxuryconciergerealestate

5. Thread-https://www.threads.com/@luxuryconciergere?igshid=NTc4MTIwNjQ2YQ==

6. Snapchat- https://snapchat.com/t/kBYzj6Y0",1000 sections per month,2.0 M,,4.4,5 post,3 or 4 videos,3 or 4 shorts,"Strong presence in Dubai's luxury property market with a reputation for premium service


fast communication and personalised client support and enhancing trust",Brand visibility still growing compared to other established companies,"Rising global interest in Dubai as a tax-free, high-yield investment hub",Intense competition from leading agencies with larger marketing budgets,,,,,,,,,,,,,,,,,,"1. Emaar
2. Nakheel
3. Meraas
4. Majid Al Futtaim
5.Binghatti
6. Omniyat
7. BNW Developments
8. Dubai Properties
9.Azzizi
10. Sobha","1. Ax capital
2. Haus and Haus
3. Aeon and Trisl
4. Richkey properties
5. Dacha 
6. Fam properties
7. PSI 
8. D and b properties
9. union square house
10. spring field",,5.30.221.3,,6314986433129990408